contactEmployeeID,contactIDO,employeeID,contactDate,description
1,1,101,2022-01-01,"Meeting to discuss project proposal"
17,1,101,2023-04-01,"Project review meeting"
2,1,102,2022-01-15,"Follow-up call to confirm project details"
3,2,103,2022-02-01,"Initial consultation to discuss client needs"
18,2,103,2023-05-01,"Client satisfaction survey"
4,3,104,2022-03-01,"Project kickoff meeting"
19,3,104,2023-06-01,"Project completion meeting"
5,4,105,2022-04-01,"Progress update meeting"
20,4,105,2023-07-01,"Follow-up call to ensure client satisfaction"
6,5,106,2022-05-01,"Client satisfaction survey"
7,6,107,2022-06-01,"Project completion meeting"
8,7,108,2022-07-01,"Follow-up call to ensure client satisfaction"
9,8,109,2022-08-01,"Meeting to discuss new project proposal"
10,9,110,2022-09-01,"Project planning meeting"
11,10,111,2022-10-01,"Progress update call"
12,11,112,2022-11-01,"Client feedback meeting"
13,12,113,2022-12-01,"Year-end review meeting"
14,13,114,2023-01-01,"New year kickoff meeting"
15,22,115,2023-02-01,"Project status update"
16,21,116,2023-03-01,"Client appreciation meeting"
